MID,ShowDate
76b3db64-a845-4e5e-9a30-45dcf6b09396,2023-07-02
9612586d-1f32-4caa-b007-9bb80fbff3e3,2019-02-28
72531bf0-f9df-40a3-a7f5-b3e2286c6d65,2022-06-22
fc32df2b-f2c2-4f05-80b6-53fcb1bedd6a,2028-07-04
e23c1fb5-fe2e-413c-9168-6e7480925840,2022-11-17
ca3783db-fd5a-4c71-a805-0baec8ce2a89,2020-09-25
917ab881-e721-4da7-a91d-55d7403d22e3,2021-02-05
e304dd45-fe74-40ed-a7b4-3c91a962aaea,2023-08-04
6bdaf20b-5d65-4431-ab93-bfaadde14250,2024-11-01
32ddab92-08c0-4e46-ab9a-fa1070f5a7ae,2030-05-11
eb9c62ae-14f2-4b85-9b0d-e8badae1d326,2020-12-05
f6bab1ae-e389-43ed-920b-b9da92b16e93,2016-09-21
0f455d4e-adb9-44ae-b87e-e373e633ecc7,2022-12-28
a86c8ba5-4594-4451-b592-f62e6f166538,2019-06-07
2e1d4079-8be0-45dd-992a-7a70ae5ab4b7,2028-11-05
8ac75326-0eb1-4c56-8fc8-15ea2dcf546b,2016-05-27
4c30df26-e8f0-4339-adbe-912a6921dd7c,2020-11-22
11372247-5653-4fb8-bb67-256221f73629,2018-01-07
8681c867-d2ef-4370-aec1-b13dbd18f3b3,2016-12-09
31996684-8bdb-4a36-8aab-770a50d5e0d0,2022-03-12
63cd2c00-19b5-4608-a824-b67180fc9b49,2024-03-02
96016eaa-eedf-4e48-b02e-1f6a47d01cfc,2023-09-30
1cacb4e7-8687-440f-af0b-5dbc13e69f7e,2018-04-24
3a87cea7-b0a5-47f5-9a02-2a995ba8dfa7,2021-12-20
5ed63e8e-9cea-473e-b72a-3524691681a5,2019-10-08
b21a8e8c-66a5-4b17-ba5f-d4030c90a57f,2024-08-19
49c121c9-ffcd-4c9c-a24e-a7f1687e4d0a,2018-05-24
314b8522-4df4-4352-8e55-f083aee48068,2017-08-23
b51d87b3-ca51-4c1a-8ea8-84be6b45baba,2025-03-11
07b5fa89-5488-4f7e-a08e-f4482c0e1f57,2018-07-23
8207c21f-7a46-45c0-93b1-30c231b89286,2024-02-09
bd1b8e4a-ee73-4f8d-96a4-61c3d4663afe,2023-05-28
c4323927-e6fa-4291-ab4a-02db332d48c2,2018-12-06
8c375b25-257d-4c4d-a65f-022f0431660d,2016-07-19
2d728a06-db6d-480e-a13d-4709d02f1340,2027-05-10
60eb61f4-3b3e-46cf-a9fb-740fdc906eb7,2020-04-14
37b113c0-16c2-422d-9238-ce0d56b51f6a,2017-11-12
cf1df8e5-dcb2-45d2-8e10-ea6f75657d19,2025-05-10
5c319834-e217-4483-bd72-76a7fc2c8ba5,2019-01-26
bd1308f7-c6ea-44b0-b74d-d9e45a4f992e,2028-02-27
5e44c565-9cf9-4bb0-9a61-ddf39afe3d02,2017-07-30
9e8e946b-f744-45ab-b248-0276ae72bb9a,2027-06-08
3fa4a071-f57c-4fea-aef6-25aa23d2dcbc,2021-12-18
08dd4fbf-de57-4f1c-9198-0c5d69d768f7,2021-03-16
ff479a7d-7e72-4e0b-a534-949d77bd8e1c,2024-12-03
21dfaf5c-9ad8-43b5-92b5-c456cafc8b38,2016-04-17
92035fe5-aadf-4190-8237-2d805e583ca3,2016-11-23
fd476046-efb6-4285-8193-34e397cf4a8a,2025-04-29
343aeec8-a7d8-4a6c-b174-b7a7a0c3a3f3,2016-07-26
72ad6864-da20-4b49-b57f-19c525cfae16,2030-12-08
c8bed039-19f9-4e2e-969f-6859a915b11e,2027-02-10
21cc7ba4-0f20-440b-b17d-3df9eebbf60e,2016-04-19
812f9db0-fe78-4740-9b17-42000acc3e4f,2021-01-07
23e9fed0-13db-4826-9480-0a1362f88fa6,2025-08-15
2eed3a2b-f2ec-4b36-b87b-c984b55ff26d,2027-05-08
1f99ab35-7a75-4c4e-b6c2-1b6da69ab659,2030-07-25
af1ebc4f-5c4c-43df-aa82-b02ebd036557,2023-05-14
13eef0cc-26a7-4d75-86c5-077151e768cf,2021-05-03
b21d79cc-c3ae-437c-af68-1900ef776dae,2016-11-12
2c2b2f60-7f95-4275-b076-f796872755d6,2028-02-19
240bcd2a-3d19-4d62-aede-84daa93b1f27,2027-08-17
628c76a9-243c-40a5-8f67-39cad0e8e737,2023-09-25
056af8c3-a389-4efd-b0d0-4799b997e7d6,2023-04-22
809d88a7-8497-4249-b290-8ff82888410e,2022-12-29
da07e51d-e46f-4839-b8e5-08b368edf0ff,2023-10-05
75a8b6ef-26b2-447a-98a8-334e25dcbd50,2028-11-29
d2813fa9-7de0-4818-9873-044980f499e1,2025-11-20
c7bceb19-6ec6-49c2-a6c4-248e4918f801,2025-04-15
f6580318-f8e4-45db-b621-e986b4697d0b,2024-02-10
78da895b-00f5-4f2b-aed6-7c1888e917c3,2025-03-09
54e975bf-98f1-4c37-bb06-8ab18e71b536,2027-09-30
3dc846eb-4f85-4981-8820-40179fdc7353,2025-12-07
9235d0db-876c-4eb7-9f95-738211a885a9,2025-12-01
73bbe56f-6e0b-4e37-8654-06a1195195f7,2018-02-08
2f1ac697-bd92-4460-ab2e-7c71118383f7,2015-09-20
6f556211-a9f0-49e2-bd37-a10551117d46,2029-10-25
d414046f-efb1-4c82-951b-f93768247557,2018-12-22
1901cfdd-cca6-490f-b657-fb55ae073a43,2030-04-30
fd1efed1-b584-4f41-9d21-7369ce8b09fa,2027-07-12
f0c999da-295e-46a5-9463-e0267704f497,2028-11-06
673b9295-3401-45b5-9867-eb8ed10bade7,2025-08-11
dc27c51d-6d35-40bf-a874-1e474f2d7bed,2017-09-15
d56f87b6-38d3-48aa-a8d2-ddabf64d4e82,2022-08-19
d022b4af-1b94-4f95-bae8-825b502b7995,2015-12-12
d5a9fecf-a5a3-45d8-b4c1-75f846aabc3a,2020-02-27
67aa9ac4-47af-48b8-b5de-29df302e674e,2027-03-27
30c7e0e6-0b75-49d2-8f7d-d4118a482735,2021-03-14
fdd8c0bf-5435-4c0c-91e0-a84c140e5f4f,2025-01-01
acec5047-5df4-4038-b8fe-6c13552759dc,2027-01-19
bd495cbf-70fd-4362-a4c1-7b412fecad9e,2021-03-13
66a19bc3-00db-4d5c-b76f-4b679cf2b548,2027-10-22
2778824f-2b99-4246-9561-3807d9a86b57,2022-10-02
a9944576-d465-48a0-80fe-cdf4ca1232ae,2029-06-12
a05fc81e-08a3-4e3f-8e2e-f8d3a78d4ed6,2028-06-29
1d9602fd-2263-47e3-b8e8-0309dd15fe91,2015-05-16
9c91d9ac-1e33-4a53-96cd-adc6c88a2011,2027-07-31
fbc1134c-e700-4bca-bcc1-72902f3e74c2,2020-01-13
2a943d3a-f756-45e7-9c06-eddb2f19be0a,2023-06-27
d8093b59-4804-4ed2-a245-2c4c953031fe,2026-02-10
17b0fbb6-17bc-4a8d-bfda-aa0f29df834e,2028-06-21
b4428f8b-8f70-4841-94ba-3ea798da88ea,2021-12-03
1ab4f6c6-2e01-47e8-8a2d-f3c71129c531,2015-06-13
e1e04ed1-1078-4d94-acbe-c89b6757fabc,2023-03-14
6194a998-e372-48e1-a484-bb39636b9684,2021-08-11
e5543d07-8360-4c18-93f0-e23212815220,2020-06-13
f03016f9-6819-4958-8265-19d49da5256b,2021-06-26
37e85383-924c-4350-bea4-cca7663ececb,2029-05-16
1899627f-6501-49c6-b312-2da2002f57e7,2017-06-30
171bbcf0-ed8b-4c0d-b10a-4548c7017adb,2021-12-07
ee7d8870-e6d2-4500-9fd5-a1ad5e063b0e,2018-07-17
99477854-6878-41a0-9d51-30b34b70ac72,2029-02-02
b805a489-8724-46d9-a8d5-a957b746ec6b,2016-06-07
b47e115c-e190-423b-8317-ddd6aa504c5e,2015-08-20
206127e2-b7df-4aa4-867b-b8e7a90805a0,2018-05-17
2411ceb3-a232-4e8c-9dac-f298e355d41f,2025-05-24
b75eab31-bb04-4935-a29b-c58f4232acba,2019-10-29
8a4f66f1-1dab-4d78-8b3c-3e2528a8f599,2021-12-12
cf9402b1-b33c-475b-85df-527255e681cd,2017-07-16
1694168e-a51b-4d12-899a-a97aca9f3500,2024-01-22
587c44db-7da0-4bf4-9dfe-4566a10315cf,2029-02-04
41460750-86b4-448c-9f22-32ab89620ed7,2021-01-17
2b3b239f-c1af-40ef-831a-ef21c5b97b0d,2017-02-08
09774bfd-aa5a-472a-8b12-f540ca36ffcc,2027-05-25
c7ab56e9-8726-46c6-818a-764d95a20a0f,2024-09-13
441872e1-73d0-4d93-82d2-2c2eab46b0b4,2017-10-31
c7c4c046-135b-4b93-845e-48fe151ff7e3,2025-04-06
bd0c1344-fc86-46c4-9263-7c80ced50b72,2027-04-17
04f0d3cb-ead0-4725-86ce-019bb0fe42dd,2020-12-16
7c14c242-0874-4b78-942d-d0d295d2bf1d,2022-05-25
5e61b9ae-f0ad-433a-b8ee-7cbf0e7ae002,2028-04-03
8427b80d-4c3f-44e0-9440-dea7d7a6b0cd,2022-04-04
fdf70d42-d3d8-4c22-bc54-5135e5ff0f8e,2028-10-16
264668d8-e93a-490e-a480-1f0d2c2c519d,2028-03-11
73aed127-e549-40a5-9482-0c32475cca80,2022-04-23
38e799b0-8d65-4ca6-a675-8c772c6651c0,2020-07-20
92731696-47cc-44e5-8303-db7975eb92c1,2027-01-29
e952a9e6-487d-455c-b77a-14d5592c6114,2026-08-06
6b2cb793-4266-49bb-8d13-be9ce9991728,2024-09-05
9d1190d7-f4a4-4d3d-b641-5ca83d6c8db4,2018-07-30
1deb1c91-e862-4eab-a783-fd891ed60325,2029-03-13
a86ce710-1576-4174-a4e5-9913989b64c6,2017-03-23
df96e949-9aad-4352-8a7a-ad750ab4f3f4,2020-02-13
45cf6d1c-dccf-46f2-b956-36b364d24c78,2023-12-03
dd978d53-c3ca-441c-b1f1-17d4f4d88c85,2024-02-28
9acf0a9b-e056-4ef6-b846-de2d510501ef,2023-07-07
41a0d6fb-65c2-4a02-92b5-b22110531b5e,2026-10-17
b2350d17-11ff-4b2d-b76e-ad75631a5f8b,2019-12-07
d225ecb1-cbc1-4c65-bdf9-b68a7a777f60,2017-05-21
b49e9f5b-4605-4779-94dc-0d58c89a7873,2017-05-21
5c824c56-7a58-4377-be6d-d3b310b5ef5d,2026-05-28
bc397054-ffff-40a8-b563-7271a4a1bca7,2025-11-08
55bb410a-3a46-436e-b0f6-c7fbf23f2cfd,2028-12-09
cf7d1252-2fc3-43fa-ae4b-f6ff354b2642,2023-11-13
8a6396ac-086d-4760-bb06-2767cad135b6,2025-09-23
b81a8383-6581-4555-ab6c-c69ab47314b2,2026-12-02
c11841e3-440b-4b38-a290-56bd49999aed,2017-07-05
2767bbff-2558-45b8-ac62-d7b123c1044a,2016-10-27
258ad039-723e-4ee2-9b50-2d9184c953cd,2016-02-07
9c7c8441-bb47-44df-93dd-c837d88bdf6f,2030-12-03
bd3a0d0a-4d47-46ff-ac59-e62943796f4e,2027-03-03
9764338b-38b2-46f0-8e12-23f4d9ac15c4,2025-09-26
69bcd28d-ae14-4003-8d32-cdb84039c7cf,2023-01-13
78905649-34d2-4d6c-90f7-ad63a565ad1a,2025-02-06
b3e5e274-7356-4acb-a978-a00825a2c70e,2029-07-03
f2155a19-70a9-4323-952c-0bdb2a91b6b4,2023-04-17
d6e4c95d-6ef2-4342-a3a4-dbc0230bd050,2024-01-18
86d4646c-9124-4e4b-a4c7-6937b02151f4,2024-06-01
df8df879-e6b8-44ef-9f56-7ad1018edb68,2023-10-27
c4b71461-6821-436b-8b72-025a204847f1,2025-02-28
fb62a099-d1a8-4258-a432-d427a0b1342b,2021-11-01
6c4382b2-18a4-4a1b-975e-88c4b9d10184,2022-02-28
982c2637-e670-4ede-99e9-5b1601610219,2017-03-14
4b640c3d-5ad6-440b-8ffa-d119e74fa69e,2021-03-17
0b60c071-62c6-45db-b547-5c8c6b00933e,2022-09-01
aaab3f11-448a-4c84-9f84-1feee0b5f476,2019-04-03
ef9d8372-b469-4935-a4b0-cf882747a936,2016-05-15
e50c54dd-2f32-4ec3-9c32-a19129665b4d,2018-10-04
65781251-335e-4982-8988-dffb2186f8ed,2020-09-24
dd66c8bb-1e25-4fe8-b5de-6f713a3b0e89,2025-02-07
60e4d2bd-1420-4781-a3c0-aa2f1224c5b5,2018-07-11
ec55ebf4-313e-4d6f-835d-418d71ac351c,2021-08-11
e1681e7b-9f18-4ae1-adb0-badcbb31b07e,2022-05-27
93828098-49f6-4719-8576-df8ef7964ce4,2025-11-04
878eebd2-c697-4df7-8ef8-cf7e43100b2a,2021-12-07
32d17652-4e93-41fb-8e52-d7d7eec34c1b,2028-01-25
0b1fa12c-7d3c-4d10-bf16-07c799e50746,2021-01-20
1dace739-a79d-4b4e-976d-fe58d560213c,2023-07-08
b11fd08f-d590-401c-8a61-6c25509775a1,2017-04-02
5ecfa27a-d0f3-4db0-9d4f-68852df478c8,2029-06-26
b8b2d741-6107-45ed-afec-13b9dd79ea91,2026-06-06
f50fb1eb-662b-40cd-b58d-5baa278d9bb9,2026-06-19
8f25d390-3909-4a4c-be12-271115a7e80f,2016-11-30
2d39a9c5-a96a-4743-a9a4-a4111fb3c63a,2019-03-07
ff55ab41-ddbb-4622-932a-9de73f1dbeb1,2028-10-02
a1d90f49-6705-44dc-aa59-0179db7def6f,2019-03-09
0311217c-a501-4344-a4da-34a5a9a538f0,2022-09-09
80bae6db-2f07-4dff-b483-1a398ce2c468,2027-01-13
12eeaf15-a6c4-44e1-8a08-d0126f32208d,2022-05-02
f5609609-6faf-4f6f-84e1-5b711f438050,2026-08-15
a875fa45-e0c0-44c5-a734-76b52ced1dba,2023-07-06
c5e8570f-9072-4c36-ba45-94819ef1bf2e,2026-11-20
e115474f-bc28-42c4-803e-4c1d78eb7cd5,2030-02-21
b37dc8fe-abd8-4836-bf3e-3c99ce794e49,2023-03-10
cde191e4-84b0-4e42-a158-9289c03ce535,2030-03-18
38398b52-dd7f-4be5-9139-987a6c608f39,2027-05-07
b4a8dbff-d57e-4beb-b52b-9a9b0f2468cb,2028-11-08
da3516a7-1962-4b6a-8cfb-34a6018ca947,2028-09-05
b1618bf7-2bdc-482d-9984-553bffc028c2,2025-04-10
0f865684-c5ba-4370-a28e-2010cd6a304e,2016-10-15
25725796-1797-4b94-9171-6eea0fb9be90,2015-02-20
550469e3-8b0b-4f5e-9d81-29072a656c99,2026-09-30
74bf6b87-d37c-4620-a4d0-b780eb8cfddd,2024-01-05
16e6d0eb-9cbf-4d60-b36f-e3c4aaa515b2,2015-05-03
6aad3f8c-e7d8-4c16-8268-ab67d44d9bd9,2022-07-07
9847650f-4f51-49e8-9392-479806fc8187,2026-08-05
5d9326f8-0cd6-43a2-919e-8940901e3fa4,2021-03-12
3cde35b6-c526-475e-b568-3d5e34adc3a6,2027-10-10
759c31c9-038e-4920-b5f8-f3e298e0970e,2018-06-10
0705dbc3-fe78-4f4a-afb9-7e187a3bd331,2020-04-07
8118df57-55bf-4ffa-bbfa-db0150f5341d,2018-03-24
e65eeea9-8ad6-4406-839d-24628b118637,2028-07-25
288b3a55-4b35-4029-9d80-9c30c0ecffa2,2027-05-26
31ed94dc-e6c6-460b-8821-876599b49867,2022-11-07
6323885c-8268-4d0f-a8fd-7b5cc20151f3,2025-08-05
10b8c6c0-cf45-46a4-a4a9-b24c31417daf,2022-10-19
f9fd3a5a-e99f-46e2-be3c-3af0ca01dbce,2016-01-27
df99f444-a297-476a-a800-51ad02efb3ee,2030-06-10
9f74fba9-484b-4efc-9f27-3fe02dd79a80,2022-10-06
943170bc-c32a-43dc-86d6-cc969d78e5b6,2016-12-11
a919b543-1eb9-455b-986a-5b4153e2f7c4,2022-07-27
8548aa84-e486-4a1d-a530-3fd8f8d9d939,2022-08-15
f543f4c9-2055-4805-8d27-dec920ad5767,2015-04-02
f7ab4bb1-0450-4d93-a6b9-95cb30f31a84,2025-09-17
485992bc-950c-4dfa-9b75-b5efc53007ce,2027-03-28
ff166b44-8793-44f1-975f-2befcb6f3c39,2021-12-29
7eeb20c2-31f5-4f4f-892a-4188f40a732e,2026-12-08
d6cf210c-4acb-4a02-b191-0cc6e336c54c,2018-08-12
59ad9a28-3f2e-49ab-90b2-7ee21b4919ce,2025-11-07
bc148a30-1224-45bc-b9bc-8f1e1e14dd56,2026-11-06
ab48fc52-ffbd-40f9-a03d-a5c22c91dc8c,2019-06-09
7fb1915f-5578-40f7-bb49-912be91983b3,2029-09-09
2ee5a110-4378-475d-b803-02c04923a211,2025-08-22
90ced1a6-2dec-4725-a19c-5bb7d8ca300f,2019-01-19
c335f11a-3a14-4b10-a47a-2efcd7819537,2029-10-04
f95e8d66-86c3-491e-a010-788b06d3b4e1,2015-01-26
3643c513-9ec4-4a24-902e-f70431f116ad,2028-11-01
00d27937-7814-4441-9de5-8b76bf87378c,2015-11-28
734bcfcb-941b-474a-8f50-ef1f42d98aa4,2020-02-05
2a8fc7fc-a72a-4d25-a716-b397606bab04,2029-02-08
5e0a7ee8-102c-4136-9e95-17767db34cd3,2015-11-24
068bbf48-923a-4919-b938-268ff8ccfcf2,2025-10-29
aabcc50d-92ef-4ccd-ae05-d50fcc0d333c,2023-11-18
ffc38c82-7534-4b0c-99d4-c2fea1e79fc0,2020-08-28
bb1693b6-5222-4f9d-b5e1-9ed73f67fa9c,2028-06-14
6f0c1330-0a4f-41b2-893b-081302d9acc7,2028-11-14
84e89360-95ff-4795-806e-660195a80a60,2025-06-18
9682df80-ad45-4f24-ad02-4e2a44b8becd,2023-04-23
abc1b775-17c1-4b7c-bb20-6e0ff03b9de2,2016-04-14
4cabd8ec-056c-44a0-91c6-ae051496b9c5,2023-12-08
019a8857-62d4-4089-b12e-21e298be0754,2023-07-12
8f7ee7a9-f565-4fa2-8573-7c9eb7b6496d,2027-07-26
bed58b35-e91d-45cf-aefb-96176dcdc5a7,2022-03-04
33341d5d-8996-4c64-9ac8-4e8544289c38,2016-08-11
cd77f14f-6c4c-431c-87ad-c0f0781a5e8e,2018-08-29
d7c2824e-16b7-4ac2-a46e-0088bc039d4b,2019-08-29
935f6ccb-ccfb-46e0-9328-d27263dec672,2028-05-23
72ee296e-b132-4acb-b407-9b6f78157246,2019-02-12
9c01a14d-25c1-4cd0-ad70-682bc30712de,2021-10-18
4b09646e-dba6-47ea-af83-e4a4e24413fc,2030-10-21
243a68d6-55d3-49e4-ad50-c1c05f0e778a,2029-06-05
45f79642-3352-4a6f-9d51-a0df9c82c5b0,2018-07-15
69e6eb61-9dd3-44cb-9aba-1fd3df7f15a0,2022-07-17
f749eeb2-4b59-4299-bf2c-6b79a56c8259,2021-12-31
4ebba2c1-2610-427d-a092-35445fc5a774,2016-07-03
549140db-d92f-4ecc-8e5a-c44c2f277618,2028-05-25
7c40c2c8-c38a-49b9-9fea-97ff17b9085f,2023-06-29
d89aa522-a713-41df-bbd5-a997da07eca0,2021-06-25
774b31df-b39d-457e-980d-93e7ca1cbda8,2017-07-26
caa21433-aaa1-4bcd-9a06-599c82385a80,2025-02-16
c99d325c-0cf8-4c90-8aea-4e3b1e421f4b,2029-07-28
00edd165-46e0-4bde-a3c5-b676182dbf39,2019-02-02
a5aeacc6-4093-4c97-8618-bbb63988b5fc,2016-06-10
e65deafd-63d0-4895-a35b-073e29d44afe,2029-07-30
e92c80f1-858e-4b24-aedf-09de19f2caf8,2025-08-25
af52e6f4-218f-4c4b-8464-e1b56e1bdcde,2022-04-23
f9c49274-1743-4703-9fad-409d30c8e084,2030-12-24
40fcbb42-be89-43ac-bf7f-091861e057fa,2016-02-14
676c7f49-55df-432d-abc2-d050385af870,2019-07-31
6a259e32-9ec8-4278-9d91-675533be46ff,2019-08-29
3a40eb2d-b54f-4da6-b9c8-4afa7eb744d6,2026-04-25
9fc94110-1ea8-498e-987e-7754efa1382e,2017-09-18
c6ca00ea-5535-4589-843b-d5d7babbb0a1,2021-02-15
eccecd26-f4da-4eca-a1f5-cbe566b64ac3,2021-11-06
1163a6a8-2d13-4e31-9f8d-fa418cf5137d,2026-04-13
90bb8520-4a22-4bae-b384-b7c63e121785,2028-12-05
0a7e7a6a-a867-4b4f-9982-978da11b3fa5,2015-07-27
58a35852-207c-461f-b5e8-481bee6c7236,2027-07-31
1364e974-baae-4925-acdf-9dd7ba7156e8,2017-12-28
657f3260-975a-4d72-a6d7-ecd5786b96cd,2021-11-18
962a9c6e-c709-4273-8cc7-ceab33210e6c,2023-08-19
7ef6229d-b7ac-4519-990d-fb39f9b260ec,2023-04-07
88a57b46-4aa2-4e2e-b37d-3667db717b6a,2023-03-20
1b9655e7-8790-4a42-804b-be35341361c8,2023-05-25
f093043c-c6c1-4b2e-a9cf-969359138b87,2020-05-14
495ae051-8b9c-4ccc-a26a-987a52c579b5,2021-02-21
dce00e1c-17fd-448d-a3be-f3068d2bf760,2027-04-02
0991a0d4-4150-4974-b3bd-7f1cf5b9a67a,2018-02-27
2ee7674c-40e6-4aef-9510-6aed281b589b,2021-04-01
646dc9ea-ba1d-4d1d-9d80-c5e4209e072a,2017-01-05
8dfae317-8ee7-44b1-ab10-76ceb7022437,2024-03-20
849052f2-9ead-4120-9b42-e01485b69825,2017-05-21
2d96f725-c7f6-459a-9588-e0189d8c0a31,2018-04-20
b2954b8d-a3f6-4da4-93be-83c0b928a7f3,2020-09-01
25de0072-7ea1-4387-a970-d60f7fcf9007,2018-06-18
bfe3b49f-ec56-4d76-8b53-b145b03d2553,2025-11-04
b02f3a1b-b9e3-46aa-8630-2f0b2e431699,2029-10-19
8ff5690c-17a5-462f-b08c-f977ef7d82a4,2022-09-14
4e61890a-a50c-49e9-87e2-9a54a9b7ee1e,2020-02-23
ffbf5008-7c20-48f3-901c-19b4534602d2,2023-09-29
43a773c4-0d07-4beb-bcc9-62a11cc774ae,2019-11-04
c1352aab-8d6a-47e9-9a79-f98796e6f1a3,2028-01-25
582967dd-0834-4c29-897c-60be46d67221,2017-05-12
64976931-5fe9-4cf0-94b1-caefa3c63d38,2024-11-27
568b1b20-f426-4158-9a20-c10fe1bb4155,2029-10-09
8ea79f7a-a3d4-4444-9f89-1f779ae2237c,2030-09-06
bab78b53-32ad-401c-8863-77a3a6848745,2019-01-18
a113f3c1-7e76-4082-b921-759a540ef240,2017-03-05
d0aa6d18-67d4-4465-a327-296201943fcd,2017-05-03
f3ed61bf-8046-4e36-baec-14292ce08823,2018-01-29
f916cc63-9a3f-4f5b-8ae0-bc66aa5aac34,2026-11-18
0035cc42-89da-44bc-9c64-22da747d2584,2019-12-06
f851f0e5-3475-4847-9747-ff13c1f3370d,2019-08-17
cf958fb6-a71b-4aa3-a556-f413faaf2ae6,2020-05-06
0eade5c9-25de-43f0-89d5-729c01d6dfd6,2021-05-18
79c99d79-8b51-4a8b-a86a-71ae22f5403e,2021-02-10
e1c655a3-cc1f-42fd-b3c6-bd1831f79198,2015-01-12
d79e4a91-4abc-4b94-9c98-8ca9b2ffd555,2028-03-19
2dcb2692-89bb-40a0-bf84-add90f5c7629,2029-08-18
fac71ec6-6acf-40ee-8dac-11406a9f3f54,2015-08-19
43c4e9b1-4bce-497f-a007-a25a06d75127,2017-01-13
6533f9af-4054-471c-a348-646f3de22968,2028-03-31
e2602c8d-22a3-4848-93ca-8ac1cfe5af81,2015-02-23
2da7ef3d-343b-44b7-9429-938d43ad727e,2020-09-28
3b4d94dc-6841-46ec-955d-92be81cc930b,2027-05-02
0f454bf2-8c44-4b19-9333-e142a52a004e,2029-08-21
39b65873-3a99-4e44-b57c-5a2edab11b74,2020-06-19
a388467d-b7db-4964-875b-13922f75b433,2026-09-03
12caa969-0000-4182-908b-27fbc14681e0,2015-01-14
8100bca3-e2ed-496e-b321-7e33255a756c,2029-08-07
6cc58905-7952-415b-9534-514022692f43,2016-09-09
13cf94be-8ecc-4d16-9992-36d132f3b744,2022-10-11
0ad647bd-a06f-49c3-ac79-04bfa3741c5b,2022-09-13
1a6c6b90-4080-4a2e-9b69-3426fa6c862b,2022-07-26
132c319c-c526-46cf-b574-251102af216e,2022-06-11
f21cf589-3b65-479e-8947-f70a5d796849,2023-06-08
6767f226-3803-479f-93d4-8ab90b44f285,2020-07-07
afcf2d5e-59ef-4f5c-bdb6-84ec22e31854,2015-03-24
8548b742-56dc-4e4a-905f-9c7daf85cc37,2027-04-25
f8c6c480-1cdd-49ba-83dd-bc242638e192,2020-02-27
1012297e-aa32-47af-aef1-0665b581adaa,2025-09-23
56f7871a-f3d9-49b6-95bb-aaa40b377d2f,2021-02-02
862ccac8-0eb6-4acd-91cc-16589b2d6cf1,2021-01-28
9016846f-9adb-4617-ba39-aaf0dba9b8b0,2020-05-16
a389c170-33d8-4001-8375-b017b97e4816,2016-08-24
094784ed-0bb4-4a0d-82c8-0b2946d5ca8a,2020-05-21
1c597227-0ad4-47a7-9c88-6ea8b4549832,2027-04-22
6e65b2ce-8512-4a4b-ae24-d2a112d02d88,2025-11-03
60388e2d-b6bc-4037-92ad-c86a0358650d,2020-11-02
33969463-8028-4527-9bc8-e49fb6a145c7,2023-04-30
2edddec5-8f93-490e-a386-4ac4f68eafaf,2019-06-15
c23964cb-4822-4b23-a4cd-f603c44ae47b,2022-08-28
afdbf2a8-bb73-4b58-b9e8-0b5e32c9b5b8,2023-04-15
5e3a4206-396e-4ef0-a2e3-1119ee95bc9e,2026-06-10
8f63bc71-4827-4f8a-9a4c-7bee1aa297c8,2027-07-16
133882f2-0ca7-4e07-ba00-36c7e444e073,2029-07-06
fa08f585-3a04-4f7f-9263-6647411f4b0d,2019-03-14
ba8b09a2-8cb7-4afe-ace5-ffaa2f268049,2015-12-18
b54deb7c-0f22-4cd0-8a3b-89d41eb274d9,2024-07-31
4458370c-9760-415d-a4b3-3e34073458fd,2025-12-23
1059509c-1449-4aad-b883-8266ded8230b,2030-07-24
fd581991-f8ef-4d2c-86c4-5c29d86f848c,2018-01-14
e7aedaff-383c-4b48-a73f-5d64b6d9e55f,2027-10-10
8815a080-ada3-49a2-9354-85467af3590c,2020-10-18
cb105aed-7879-4532-bbb1-adddb8b34bba,2020-01-17
56e50bd0-d1f0-4f39-bc11-4392231f1f13,2030-10-17
5e6fa18c-8b28-497c-859c-ef7b5d0a82ff,2017-08-08
f7e6925f-bc88-4287-8c84-b9bb5c59ad59,2023-07-23
cd3cd7e3-ed56-4ae2-9e44-d3cfbe4985c8,2024-09-16
93b2e1bf-bff4-4050-b56f-5f58967209a9,2017-04-26
17b553c2-c249-4624-a4ea-9c44ab2a22b9,2029-05-21
5d3652bb-14e9-483c-ae26-47990ce17bf2,2019-04-10
58c8372e-85fa-41a2-854a-51fce7844321,2022-04-04
ad0fb50c-bfff-4623-baf5-488e6d0d0450,2022-10-20
110107cd-7940-4545-910e-b8f7aeb51ea6,2019-08-24
0e2e72d0-e7df-4827-804b-f0a6169d837a,2022-04-02
795bbb8b-4b09-4061-ad05-850a5acf2729,2020-10-29
d4573eed-2348-4083-939c-414d45e14375,2015-08-10
71a0bb6a-ca6d-4073-a636-4de37318b7c3,2020-10-02
114941c2-37bb-4296-ac32-6eef2a95841f,2025-02-19
9fc714eb-daea-4f6d-bcda-48074587b584,2018-05-13
ad8b8461-b6d1-48c8-8324-271da4b9996d,2024-04-16
736293bf-3ef4-4f30-ac60-e2304cbe3d63,2023-12-28
0604047d-e8c6-4ff9-b17f-f52095e60409,2017-11-30
3d7f1fd3-6967-4a56-a0a5-f8878a2a1865,2017-02-24
b6b1c995-8597-442f-b135-1f0e6a0643de,2019-09-21
1d5b9db7-5ae5-47aa-a569-2f552673ef63,2030-12-31
83b817d4-9d9d-4913-a53a-2fbdcf3e34b7,2025-11-10
52243537-bee9-40ed-a43f-e052440b151a,2026-06-05
9069e298-dbc8-4eec-9402-b9cb0c439ec4,2026-08-31
07175233-e601-4012-91a3-ebce79edc5c8,2019-01-11
ee47b123-7ad1-447d-b08c-45b310adbc38,2019-12-24
4a15cf8f-4674-48ff-81bc-82974c63f9b8,2028-04-19
1b3a080f-8bef-493c-9e16-3f809cd966bc,2028-09-29
6d286024-a19d-4bc5-8fca-b3647922f86f,2028-03-01
f88d6129-3dfc-42e7-93ce-6502106700ec,2018-10-09
977d4e15-5079-423f-ac25-9b5555691c18,2027-01-15
26e03bde-c68d-43a3-8d1a-6f7f70cc45d7,2029-08-17
fcf4f741-3745-4fbb-bb93-bc10b6dc61a5,2020-12-07
59f40181-326e-422e-93ce-1461a6d81725,2025-10-22
51084bc3-5388-4b33-af80-5c8f6fc6df8c,2023-07-24
a9ce9fbb-01e9-41ee-8f28-c3c07fea9bf4,2030-06-28
217afbc6-6161-4c6d-b762-cfe7d33fcb35,2017-02-09
b480c3fb-f8c1-4723-80f4-09b053afe70d,2028-09-25
b22e8fd5-7154-4c53-af98-e5066571fba8,2017-07-17
14bf18af-fb47-4527-b428-da8af3b6d7c3,2028-08-17
9c1d3cc6-e7c5-4729-9118-7d2397874c07,2026-08-31
90536135-c348-4958-96dd-15a9827cb7bf,2020-01-03
ffc7bd72-5bc2-45bb-b098-9d8c8e147b85,2017-11-14
bc9c0193-2d1b-4bff-8aa5-dc98156962ae,2020-08-11
328d1fce-315a-4f39-b0ad-c54524acfbf9,2018-01-29
0189635e-62d9-467c-b50f-f34edf46d1c4,2023-01-15
09fe61f7-e9f9-4f1b-8fa7-e28b2dd3831e,2018-07-07
9c35fc2a-18ff-46be-b402-12827862390a,2024-03-01
3e6173a1-c29e-481d-be7e-10d1fd9ef939,2021-04-05
a1f12447-d2b3-40d8-afa5-da64ca809b30,2016-03-24
cc9fe912-a240-4d9a-9d38-4633949bc0b3,2030-12-19
a0a6403b-52b7-4dc3-9bee-e263c9789f90,2023-10-12
19e1880f-dc6c-4314-a18d-31f4cdfdf3a6,2019-10-05
4c806ebc-7e57-498e-add9-317874b7f27d,2021-02-11
51db5d88-44f3-4a37-bf18-be30c954a9ae,2017-12-08
191e297b-4860-4a44-9397-25c18b2c4431,2023-08-13
19bf1f91-98dd-4a80-882a-79047ce6fcb0,2017-08-08
599da98c-a31f-4849-854a-c213f720a377,2028-10-16
dabab2db-4ea0-48ad-95fd-75e2912dbb11,2018-08-17
b28db0d0-d751-4915-bf4f-6ea416b1b73b,2016-05-22
0b1ad593-5ec8-4552-8a66-769067780381,2020-11-29
b97c8962-3198-441f-8e8f-9126ca29cb5c,2018-02-13
e86725ea-d7d7-4c07-b21c-67c99cc4ce9f,2018-06-27
77f9eb3c-bd05-44f1-a1f7-d2cb2c690fcd,2015-07-12
8505a85a-f790-493b-80d2-84978a28162f,2017-08-02
1a837d0f-e287-4838-9a39-bc6780ab591b,2023-04-14
7e778f9e-2dc0-43aa-a149-34d9ba1fde91,2023-01-17
108dfa95-b6ee-4cb5-9f33-24ff7d1230c6,2019-12-18
e4855a7d-9c7c-4195-8fad-665deda22942,2021-10-02
76bbe14c-4e7b-48ca-9cf2-93d120a0b730,2017-06-07
8cf42f40-49f5-41c4-abf9-18a16e4e858a,2023-01-11
292bbea7-8851-4b04-9afa-69f2c4b8811b,2025-01-29
cb0f1c77-2d01-4aef-b18a-477e1b2812da,2018-07-18
509c02f0-12a0-4862-b2c6-3888f913d8a0,2030-03-23
f9702da2-2128-4e76-9d81-c6c23e083778,2016-03-18
ba586b75-965d-4315-b089-fd6babc06142,2022-02-05
63ab7e10-dcd2-4b7a-b8ed-67ae813d4c3e,2028-07-31
27b714d9-03ae-4559-9733-73ae6b312d2d,2016-12-08
2b0a1ae8-0d34-4625-b2c3-8376990655c0,2015-12-19
d877eafe-f5ae-4774-8e87-25e8a202ddb9,2020-02-06
33bf3acd-5a55-40db-91f0-4396b18c0faf,2024-03-22
97d49da5-961b-44b7-a62c-8a58238628e8,2030-11-30
bb36dd5e-c3ba-4b2b-82fe-1b450db882b1,2021-08-06
959ee71f-3592-4eb5-b5b0-6c80b820de5f,2018-01-03
d97220ce-8dcd-4e00-8ea8-d780058392dc,2024-12-13
9e4da0e1-7298-4c66-9a6c-7f59fa60faa7,2027-07-30
f0cc9bd6-55c7-439c-96ec-5706ae9c907a,2019-01-28
9a3acfc9-c513-4209-898a-2f6fa2de8597,2019-10-07
d3c7f96a-bca4-43bf-b3eb-438c1545957e,2020-11-20
1ff15ac4-d969-4c66-b850-b029b7974aa8,2021-03-27
af638e99-e94c-47a4-a666-bbc45745db14,2019-12-11
d785d936-c4aa-41c4-947c-f695139851c2,2025-01-21
2583e79b-32fa-4f89-855f-a8fa15e15c81,2019-10-20
26f5f78d-4761-40e4-bb6f-b5cf7c9d6036,2021-03-31
44126658-fb1a-483c-ad24-7e5ac92e7714,2020-09-22
7ad66e98-ad8b-42bd-b4cf-4bc1b9b9081d,2026-11-26
b02aedc3-78b8-48bb-9adc-064f3df84f6e,2018-09-03
3372f56e-a392-4ce2-adf1-3ea2052155ab,2015-02-26
e16e5782-35bb-4d03-a155-76f643c66456,2022-09-01
8fbb0a17-0bd0-467e-88dc-9aff7c1164e0,2021-01-17
6ae0c50c-8243-47f1-a0d7-34fe291de928,2027-04-13
25166588-d09f-47c6-951e-d7ed5420b87d,2019-01-17
7f136b9b-a10c-4a33-9f2c-5911862d2ff4,2024-04-01
f8ca78ce-4448-4f22-ac4e-cbc1cf6c5ea5,2025-05-10
4bb1e9d1-fc39-4b6b-8598-8198717e16be,2019-06-18
a5bcc160-3573-4b04-a081-e8e60682f073,2025-07-01
38119def-d956-4024-acca-4c22bfce5b45,2015-12-29
29dd7b0a-9021-43dc-b133-73c84ea42a0f,2030-09-04
61cc631d-6fad-47a8-a9a2-672013155189,2018-05-02
b212522c-8daa-4181-a47f-35daa1bd8884,2027-02-22
a839d8be-d665-4a8f-8827-100fb9bbc95a,2026-10-23
9dbf754b-cd60-4b3f-94dd-c88a6d3f093a,2015-08-08
b3ba1599-ebec-4bbc-b084-6d9554c47bd1,2020-03-20
e889d658-d631-4a45-9406-cf7568a706ab,2027-01-30
d67d8a2f-05bb-4223-ac6c-cfb14aa2aa43,2020-04-05
f4d1475f-35d8-459b-9043-fec9f33f50de,2016-11-10
77442cc6-520f-4c72-9054-a2196c76fa35,2019-03-13
e0f3b800-6484-4137-89b9-67245042f0db,2022-03-12
8e78c4aa-1622-4204-b579-3c6bd46301f9,2023-12-28
88688b81-3110-42e2-9546-a36aec6ee5a7,2018-02-20
0f7cc899-4405-448f-90c4-fe8685650ae4,2019-11-05
8d377f47-35cc-4821-8a62-6087aaf01198,2024-02-15
1345588c-5e9f-4db4-8da8-a959865703cf,2015-05-27
84d400e1-890c-4c27-9f15-00e976f943c7,2030-12-18
3543ba27-c397-4f52-8e48-bba67858b878,2021-06-08
39f95e3f-142d-47af-a751-674a88564460,2022-04-13
a7eba3fd-a53f-481b-9299-40850943566c,2019-10-19
9c644ec2-fe69-4cc3-94de-1b4b028a1dbe,2028-08-11
97d28a77-314f-471b-b54e-187aed46189d,2024-04-02
567c6df2-3b65-4b3d-a66d-8ca422ac4158,2023-12-11
c0b1cca5-3785-4d3a-a207-a80970101536,2025-01-28
e2d3d6c1-90b3-43e4-84a5-a48743a036ba,2021-06-17
0563e317-10c6-40ec-9765-590585b21835,2018-05-10
0164c752-3113-4188-a182-0d327c76807a,2018-11-09
d2960642-5788-436e-8fe5-7af60dae5427,2021-07-14
bca685aa-409e-4898-bc3b-b8f181692faa,2016-01-05
fb67ea5a-1cb7-4cc6-9a4c-fb9ffc3bda8d,2021-02-23
fa26a805-d416-4f24-b990-3b40f638ec13,2022-10-22
9920c575-f41b-4903-b506-cbcacbc44eb9,2027-06-21
7501bf65-9ca6-4a4b-975f-6c86fdf21999,2030-01-09
8106ba30-aaf7-4bba-8030-90f3f0965d8a,2016-01-01
281c5b74-c583-448c-8ab6-10792cbfcb38,2028-10-08
8e55420b-a4d2-4f09-bac9-0b4bd68b2ee1,2018-02-12
cfa95f8b-4531-4e7c-8ddb-8934749f0eb7,2025-02-02
b28d8db6-3b36-48d4-9d81-9a27c2885e97,2030-07-08
247ed82e-1d34-4228-a678-646e1baa3c55,2027-07-05
9588bb47-a0e2-4721-93a0-b5193303b01b,2017-04-19
f06ce381-1674-4869-bd3a-bcb934e6da90,2016-02-12
d9ec18d8-c4e8-472f-ac09-baa8330c1e2d,2029-05-30
76b76f41-5330-49c6-a9bf-41674b57c1be,2029-02-18
1020cb36-9a45-467a-b0b4-52b298bc77d5,2017-08-28
3af6f8b0-9385-40ed-b63a-442e6fb35ff0,2027-08-24
c2503750-cc7b-4ef6-b52b-e3f746cbaae7,2018-06-24
bf0bdba8-db86-43ba-a0ea-8d012533d9d6,2019-02-21
8312ea46-035a-4343-b6fc-e9d3f90d53b8,2017-06-18
fc601e82-28a7-4d82-b0a9-5097113075f4,2015-02-16
a6947ac3-4162-4c3e-b795-c87fd5960197,2023-01-25
98cf101d-1a94-4c1e-b41e-ebe0bf46eb66,2020-12-10
29fbe38c-d3cd-411d-bf16-5c903a71fc39,2019-11-23
5c868fd9-26ec-41cd-a754-bb57b8d1f732,2018-03-05
8fa3ea78-74ca-426a-b7cf-3132cffeb268,2019-12-27
2ffb83de-988f-480d-8e3c-a9b3882fd334,2015-04-04
10318fba-08d8-42e8-a12d-038b8a983586,2023-01-10
8cea33f3-993a-4492-a0d6-3eeb42fd1dd6,2017-01-22
35f3c6d2-03c6-455a-aac5-8b187609829d,2027-05-09
ea05d6da-2d00-4fbd-9144-f15e65dcdf01,2017-01-26
c343704f-b42e-4012-8520-c2abba8fe24a,2016-11-21
cbba2779-41d6-4888-a991-58d3a53c7e6d,2019-10-19
d2e06c52-e4c2-4d76-85de-319e90eaf21c,2023-01-29
696e7820-ad87-44f6-bb67-5526a95cce8c,2025-08-13
cc2e2253-589b-4f66-9252-b137e31145a8,2028-10-27
d14a2a51-821b-4bcb-acdf-d93cb1d239f3,2023-06-01
f5bc5ca1-9690-43a5-8dcb-4bab628b3159,2028-02-28
adbdc21e-eadd-4332-99e0-827095d55654,2015-06-05
23ef99b3-a0e9-437e-a832-9310858fac66,2017-03-23
331bef19-6b6f-4792-899d-ab16d188b812,2021-08-19
274c6c87-a10d-4f6d-997b-36c72fab54a8,2020-10-12
34a3b904-bdbf-49c2-a955-f11b9a661cd5,2017-01-06
b2f30ba9-67b7-48e5-a327-2ed4dfa02d43,2029-09-30
4e859f85-faa5-445d-974c-29e90cfff18d,2027-10-04
f0d682e1-7bd7-4970-be8e-c2a97f941022,2028-09-02
28e7fc3f-14bf-4dbd-b7c7-f380130c5194,2026-04-29
879a40e0-e03d-4fe7-98a7-3e0c1dfa2e94,2016-07-28
77b7b3b8-c033-4254-a5ea-cda259ec968c,2021-06-22
f47431a5-662f-4d79-86d5-5e98ce5e89d8,2026-06-09
85cc0035-04f3-4b2f-bae9-8d9b5346b3ee,2019-11-01
2d225ae0-2b3f-4791-8cf4-ce72316f41a8,2017-11-02
aaa18c8d-7145-4e85-88aa-d9e1f4fcca3e,2029-12-05
f7f4a577-b13e-49fa-9390-585920ee3063,2019-04-12
54f5e2bc-aaa3-4c02-99b4-8e17cafd4018,2026-03-05
76d56556-4bf3-4854-948f-a60cceda3cb1,2018-06-20
26e597d9-762e-43be-9ba0-7d6e0b98e90b,2027-04-14
3cdf0db3-0391-4cb6-96c6-ef993d3ba4dc,2028-04-18
5ddf6d21-4c0e-4e7a-9443-063451a67ade,2016-03-10
1751039b-fc04-4192-9eec-c56b7e5b032b,2029-05-10
4eeedcca-3ee0-4bf1-8308-8a2edd681c6c,2016-01-15
ab5b8b88-0900-4f4e-a4c5-d7a3de4985bd,2022-07-19
284f8fce-6ac3-4742-83ef-397054e45f86,2025-04-24
afbab08a-b4a0-4ed6-9a7f-d3eba679930d,2023-10-18
0698a7d7-3fe8-4698-8fec-6e90e104828d,2015-10-25
31749f7c-eed6-4e0c-9427-a39da50e4cb6,2018-07-23
de270297-fc40-4e9b-8938-ca0a1190d3b5,2025-12-10
6d6dc5fb-e143-4c98-8b18-4da78ad5cc14,2027-09-18
db265037-c5ee-4828-bde6-fd350e073dd0,2030-06-09
6f620262-0520-4e74-9791-e32c6e69c5f8,2015-09-13
bde75ef2-1c05-414b-b634-786741b79913,2026-03-03
89af860e-7f60-440c-b2ff-e28172b421d9,2021-04-05
43d985ed-3f78-43cb-8666-211755671474,2020-04-29
59840fe5-b665-4423-80e6-6cbd4fa0d164,2018-08-15
21818608-d3aa-4b20-8596-17fdc9179b9e,2019-12-13
32a52161-5cb0-4254-99cb-63d520697f83,2018-02-28
4a0cce82-4bb7-4452-b58f-cafa2b9f9a39,2025-05-20
f80573cf-6c03-4972-8077-cda16dcfe17c,2023-04-28
8455d9dc-ac7c-4aef-9546-3f333e2a8d4d,2015-07-26
4f790921-5aaa-4d80-9e8e-28a6ddb5b7a2,2023-12-12
b779a9ef-0e46-437b-80e9-1fbebc344704,2026-03-10
21114238-0363-43c9-a6d0-1da6a95c51e5,2021-07-27
0809acaa-7df2-433c-9d53-d976a103c62f,2021-07-09
c080d40a-8e7e-4da3-ae17-706a9ec3ff3c,2026-08-14
2c31016e-a25b-4e58-9cea-63ae2e80b0e8,2015-12-20
01274284-a9ef-4b07-a4a3-7bfd366e5740,2024-07-03
aa282547-0b4e-42f4-b974-3d1147474e24,2028-04-25
3a312cc8-a05f-4a2e-8886-2e92cbe27e97,2017-07-12
a6194fb5-8d6c-442e-88c3-cef5a42a3097,2018-03-13
55666e8c-66f5-4bc9-a65f-75578ea9f035,2020-07-01
5069cea3-fe87-43a7-8ce4-6716b13c75a8,2028-11-17
a2849b68-d40f-47ce-9a88-4939b37faa7b,2021-05-15
6cdc891f-072d-4654-af4d-0fc4518c8e6b,2017-06-20
8afe5d6f-ba11-4bc6-b427-a11a05f7007f,2026-08-07
31de4087-fa57-42bc-b61e-f0d2eac07d5c,2028-07-08
4f68d0f7-3148-47d5-bbb2-7cfb093116f9,2022-12-24
213bbe16-ab02-4064-8dfd-d1506106e40e,2022-09-14
cd266981-f294-40fd-9376-7c6e666e0847,2015-03-12
f0406b96-6f6f-48d6-9e69-19fd13f5cd85,2017-06-22
f6d27064-d80e-4853-a394-5d4b6b8e1286,2015-07-08
43077ae2-1f36-4719-b875-282ea6de6635,2028-06-02
a0b31b80-6077-44f8-a51a-04b694936ba6,2023-06-10
9a4fa95a-3a17-4a88-a543-7d3b6cbd0049,2023-05-04
fbd0e07d-4ffd-4c0a-91bf-53a2bbaa471f,2030-01-30
79d1bb12-8cc8-4f3d-81d8-959d738bb380,2016-12-26
7e044c38-041e-4f1d-bb96-8f1afcbd584e,2022-06-27
10ee616d-fed0-4f63-bed4-31662dc2956e,2016-10-20
1e762729-a7ea-48cb-92bd-4751d9fda5b3,2019-06-14
bc2652ae-08b2-47fb-b1ff-09766d5cbcf8,2019-07-04
bc05a89d-1637-49c5-a90d-ad8dcd6fb5b0,2021-09-02
209abdac-9d3f-46aa-bf88-980c3f6821b0,2029-01-01
4c1ab736-d4cb-4813-8e42-18866fc516f3,2026-01-24
deab357b-620f-425b-bed1-62d8ad6cd7bd,2029-07-21
2cb3bff9-13c9-41d1-9bfc-28d50696e63e,2025-01-18
221ac838-8920-45c1-a1e5-d7569fffd95c,2017-09-27
e7b04b18-3bc0-4f8c-8a92-c3c133a63d39,2022-04-21
01b76787-5d33-4e5c-99f1-e66027c6acbc,2022-12-17
22b7f1eb-e2d5-4cf0-9189-fbd0c5304c65,2026-04-19
c06a0dc1-5cf0-43ba-87e7-ef7046f50663,2029-07-18
f8439a6c-8044-4556-94cc-f4b8a59c55ed,2022-07-04
81f5c655-9dc9-4abb-88c2-5350d1d8980c,2018-04-27
241dc3c6-cef3-48e5-9a1a-b13d0cbd4e39,2016-09-08
2f566651-d9e2-4559-9ced-e850fff61a1e,2015-11-28
3830db5b-7dd9-439e-a4b9-1b5cc3760a34,2019-06-01
8c2520d7-e5a5-41f8-b656-96566f957aa4,2025-01-23
248d20fb-6e75-4370-bc27-2c00aa260a68,2018-04-19
0a9a3f76-91c2-4db1-b8fa-96b87f7fe075,2019-08-12
217cd0fd-f29f-41a2-acef-fcd5c62b3479,2025-03-07
bd8e401a-8dbb-41e9-a6c5-435c0d418526,2024-08-11
799a3826-7981-4091-8463-e541ab85e01d,2015-09-12
92bd8222-357d-4194-8556-fcd7442787a5,2019-04-04
00c2d3b3-d7db-4d28-b218-134e750816eb,2029-02-23
ef768eee-e558-4952-bab2-9a7137b59456,2026-12-09
6e9d051a-ff10-4e99-9693-a68305bf98b3,2015-05-14
7b878eb0-b11f-43d2-ac21-a60d893b7aa6,2021-06-05
b34bc99b-49f9-4f27-af59-96203465fdb7,2024-09-07
f66d1221-18ae-46b6-88ee-0f207789cbb0,2020-10-10
41801815-39b8-4c4f-b174-201c211d06ef,2021-04-12
4a38430f-663a-4f50-b982-a7427610de2b,2019-05-02
5e9555e7-f119-4ce7-a1bf-3f033c3313b3,2024-12-03
b460c1bf-faad-4d59-8594-3f3b9a9cd800,2029-07-08
5eb0226f-68b9-4f38-aa0c-b43ac21b71bc,2029-07-30
e90bc21e-ee86-40fc-bc70-4dc47d5b4c1a,2022-09-02
c28c4494-ea8b-4c3a-8d44-2b3af3ab3332,2027-06-20
43dc267c-8ca7-4ba9-a97a-651ec7a1d307,2025-05-05
0b7e9757-43b4-42ed-a578-28255783566f,2024-12-15
029e8aa6-a258-4aba-9eb5-6741cc46622c,2021-02-12
71cff0c1-4be0-4dfc-86a8-50a6b36e338c,2020-02-24
1767bf48-4518-475d-96fe-c3cb6250c8f7,2028-03-27
1ccbed69-e10f-475c-a3b7-a9d931577f0d,2015-10-24
874079a2-fca0-4116-bdbb-9f67b0f81fce,2017-11-02
ee9118cd-a08b-4c51-955d-9e744e0e46ab,2015-09-28
94e8b510-b2ce-4cdd-aca6-2df750ddcd94,2030-04-27
3ce98e14-16af-405f-bd21-9e4e8c53a591,2016-05-09
904b06b9-4514-4c08-abfe-267d73f8e1c4,2021-12-18
3a7d0231-96fa-432d-afe5-c6b5419d9176,2022-12-27
57dd4ca5-e05b-434d-a21c-3346adc65f1e,2018-03-24
02c5a61a-8ba4-4162-993b-64d9bad9859c,2018-11-15
